-- phpMyAdmin SQL Dump
-- version 5.2.1
-- https://www.phpmyadmin.net/
--
-- Host: 127.0.0.1
-- Generation Time: Feb 01, 2025 at 06:05 AM
-- Server version: 10.4.32-MariaDB
-- PHP Version: 8.2.12

SET SQL_MODE = "NO_AUTO_VALUE_ON_ZERO";
START TRANSACTION;
SET time_zone = "+00:00";


/*!40101 SET @OLD_CHARACTER_SET_CLIENT=@@CHARACTER_SET_CLIENT */;
/*!40101 SET @OLD_CHARACTER_SET_RESULTS=@@CHARACTER_SET_RESULTS */;
/*!40101 SET @OLD_COLLATION_CONNECTION=@@COLLATION_CONNECTION */;
/*!40101 SET NAMES utf8mb4 */;

--
-- Database: `teamsyncdb`
--

-- --------------------------------------------------------

--
-- Table structure for table `projects`
--

CREATE TABLE `projects` (
  `project_id` int(11) NOT NULL,
  `client_id` int(11) NOT NULL,
  `pm_id` int(11) DEFAULT NULL,
  `name` varchar(100) NOT NULL,
  `description` text NOT NULL,
  `start_date` date DEFAULT NULL,
  `deadline` date NOT NULL,
  `status` varchar(50) NOT NULL DEFAULT 'Pending Approval',
  `type` varchar(50) NOT NULL DEFAULT 'Proposal',
  `comment` text DEFAULT NULL,
  `client_feedback` text DEFAULT NULL,
  `progress` decimal(5,2) DEFAULT 0.00
) ENGINE=InnoDB DEFAULT CHARSET=utf8mb4 COLLATE=utf8mb4_general_ci;

--
-- Dumping data for table `projects`
--

INSERT INTO `projects` (`project_id`, `client_id`, `pm_id`, `name`, `description`, `start_date`, `deadline`, `status`, `type`, `comment`, `client_feedback`, `progress`) VALUES
(2, 1, 3, 'Project Beta Name Edited', 'Description for Project Beta Name Edited', '2025-02-07', '2025-11-30', 'Handed Over', 'Project', 'Awaiting PM approval', 'Nice Job', 100.00),
(3, 1, 3, 'Project Gammaaa', 'Description for Project Gamma', '2025-02-01', '2025-10-15', 'Completed', 'Project', 'Approved by PM', '', 33.33),
(4, 1, 3, 'Project Delta', 'Description for Project Delta', NULL, '2025-09-30', 'Completed', 'Proposal', 'Approved by PM', '', 100.00),
(6, 7, 3, 'Project Zeta', 'Description for Project Zeta', NULL, '2025-07-31', 'Approved', 'Project', 'Awaiting PM approval', '', 0.00),
(7, 10, 8, 'Project Eta', 'Description for Project Eta', '2025-04-01', '2025-12-01', 'Approved', 'Project', 'Approved by PM', '', 0.00),
(8, 10, 3, 'Project Theta', 'Description for Project Theta', NULL, '2025-06-30', 'Approved', 'Project', 'Awaiting PM approval', '', 0.00),
(9, 10, 3, 'Project Iota', 'Description for Project Iota', '2025-05-01', '2025-10-01', 'Completed', 'Project', 'Approved by PM', '', 100.00),
(11, 3, NULL, 'Project Proposal 1', 'Project Proposal 1', NULL, '2025-01-21', 'Pending Approval', 'Proposal', NULL, NULL, 0.00);

-- --------------------------------------------------------

--
-- Table structure for table `tasks`
--

CREATE TABLE `tasks` (
  `task_id` int(11) NOT NULL,
  `project_id` int(11) NOT NULL,
  `developer_id` int(11) DEFAULT NULL,
  `name` varchar(100) NOT NULL,
  `description` text NOT NULL,
  `start_date` date NOT NULL,
  `deadline` date NOT NULL,
  `status` varchar(50) NOT NULL DEFAULT 'Not Started',
  `pm_comment` text DEFAULT NULL,
  `timestamp` timestamp NOT NULL DEFAULT current_timestamp() ON UPDATE current_timestamp(),
  `file_data` longblob DEFAULT NULL,
  `file_name` varchar(255) DEFAULT NULL,
  `file_type` varchar(255) DEFAULT NULL
) ENGINE=InnoDB DEFAULT CHARSET=utf8mb4 COLLATE=utf8mb4_general_ci;

--
-- Dumping data for table `tasks`
--

INSERT INTO `tasks` (`task_id`, `project_id`, `developer_id`, `name`, `description`, `start_date`, `deadline`, `status`, `pm_comment`, `timestamp`, `file_data`, `file_name`, `file_type`) VALUES
(8, 3, 2, 'Task 8', 'Description for Task 1', '2025-01-01', '2025-01-31', 'Completed', 'Reviewed', '2025-01-29 21:58:24', NULL, NULL, NULL),
(9, 4, 2, 'Task Updated 9', 'Description for Task 2', '2025-01-01', '2025-01-31', 'Completed', 'Reviewed by PM', '2025-01-25 22:32:05', NULL, NULL, NULL),
(10, 3, 2, 'Task 10', 'Description for Task 3', '2025-01-01', '2025-01-31', 'In Progress', 'Reviewed By PM - Jane Smith', '2025-01-30 05:13:31', 0x2d2d2d20496e73657274696f6e205175657279202d2d2d200d0a0d0a2d2d205573657273205461626c650d0a2d2d20496e7365727420757365727320696e746f2074686520757372207461626c652c207573696e67206e65787476616c20666f7220746865207573657269640d0a494e5345525420494e544f2075737220287573657269642c206e616d652c20656d61696c2c2070617373776f72642c20617661696c6162696c6974797374617475732c20726f6c65696429200d0a56414c55455320284e4558542056414c554520464f522073715f7573722c20274a6f686e20446f65272c20276a6f686e646f65406578616d706c652e636f6d272c202770617373776f7264313233272c20312c2032293b20202d2d20436c69656e740d0a0d0a494e5345525420494e544f2075737220287573657269642c206e616d652c20656d61696c2c2070617373776f72642c20617661696c6162696c6974797374617475732c20726f6c65696429200d0a56414c55455320284e4558542056414c554520464f522073715f7573722c20274a616e6520536d697468272c20276a616e65736d697468406578616d706c652e636f6d272c202770617373776f7264313233272c20312c2033293b20202d2d20446576656c6f7065720d0a0d0a494e5345525420494e544f2075737220287573657269642c206e616d652c20656d61696c2c2070617373776f72642c20617661696c6162696c6974797374617475732c20726f6c65696429200d0a56414c55455320284e4558542056414c554520464f522073715f7573722c20274d69636861656c204a6f686e736f6e272c20276d69636861656c6a406578616d706c652e636f6d272c202770617373776f7264313233272c20312c2032293b20202d2d20436c69656e740d0a0d0a494e5345525420494e544f2075737220287573657269642c206e616d652c20656d61696c2c2070617373776f72642c20617661696c6162696c6974797374617475732c20726f6c65696429200d0a56414c55455320284e4558542056414c554520464f522073715f7573722c2027456d696c79204461766973272c2027656d696c7964406578616d706c652e636f6d272c202770617373776f7264313233272c20312c2033293b20202d2d20446576656c6f7065720d0a0d0a494e5345525420494e544f2075737220287573657269642c206e616d652c20656d61696c2c2070617373776f72642c20617661696c6162696c6974797374617475732c20726f6c65696429200d0a56414c55455320284e4558542056414c554520464f522073715f7573722c20274461766964204c6565272c202764617669646c406578616d706c652e636f6d272c202770617373776f7264313233272c20312c2032293b20202d2d20436c69656e740d0a0d0a494e5345525420494e544f2075737220287573657269642c206e616d652c20656d61696c2c2070617373776f72642c20617661696c6162696c6974797374617475732c20726f6c65696429200d0a56414c55455320284e4558542056414c554520464f522073715f7573722c20275361726168205461796c6f72272c202773617261687461796c6f72406578616d706c652e636f6d272c202770617373776f7264313233272c20312c2033293b20202d2d20446576656c6f7065720d0a0d0a494e5345525420494e544f2075737220287573657269642c206e616d652c20656d61696c2c2070617373776f72642c20617661696c6162696c6974797374617475732c20726f6c65696429200d0a56414c55455320284e4558542056414c554520464f522073715f7573722c20274368726973746f70686572205768697465272c20276368726973746f7068657277406578616d706c652e636f6d272c202770617373776f7264313233272c20312c2032293b20202d2d20436c69656e740d0a0d0a494e5345525420494e544f2075737220287573657269642c206e616d652c20656d61696c2c2070617373776f72642c20617661696c6162696c6974797374617475732c20726f6c65696429200d0a56414c55455320284e4558542056414c554520464f522073715f7573722c20274a657373696361204d617274696e657a272c20276a6573736963616d617274696e657a406578616d706c652e636f6d272c202770617373776f7264313233272c20312c2033293b20202d2d20446576656c6f7065720d0a0d0a494e5345525420494e544f2075737220287573657269642c206e616d652c20656d61696c2c2070617373776f72642c20617661696c6162696c6974797374617475732c20726f6c65696429200d0a56414c55455320284e4558542056414c554520464f522073715f7573722c202744616e69656c20486172726973272c202764616e69656c686172726973406578616d706c652e636f6d272c202770617373776f7264313233272c20312c2032293b20202d2d20436c69656e740d0a0d0a494e5345525420494e544f2075737220287573657269642c206e616d652c20656d61696c2c2070617373776f72642c20617661696c6162696c6974797374617475732c20726f6c65696429200d0a56414c55455320284e4558542056414c554520464f522073715f7573722c20274f6c6976696120526f62696e736f6e272c20276f6c69766961726f62696e736f6e406578616d706c652e636f6d272c202770617373776f7264313233272c20312c2033293b20202d2d20446576656c6f7065720d0a0d0a0d0a2d2d20436c69656e7473205461626c650d0a494e5345525420494e544f20636c69656e742028636c69656e7469642c206e616d652c20656d61696c290d0a56414c55455320284e4558542056414c554520464f522073715f636c69656e742c20274a6f686e20536d697468272c20276a6f686e2e736d697468406578616d706c652e636f6d27292c0d0a20202020202020284e4558542056414c554520464f522073715f636c69656e742c20274a616e6520446f65272c20276a616e652e646f65406578616d706c652e636f6d27292c0d0a20202020202020284e4558542056414c554520464f522073715f636c69656e742c20274d69636861656c204a6f686e736f6e272c20276d69636861656c2e6a6f686e736f6e406578616d706c652e636f6d27292c0d0a20202020202020284e4558542056414c554520464f522073715f636c69656e742c2027456d696c79204461766973272c2027656d696c792e6461766973406578616d706c652e636f6d27292c0d0a20202020202020284e4558542056414c554520464f522073715f636c69656e742c202744616e69656c2057696c736f6e272c202764616e69656c2e77696c736f6e406578616d706c652e636f6d27292c0d0a20202020202020284e4558542056414c554520464f522073715f636c69656e742c2027536f706869612042726f776e272c2027736f706869612e62726f776e406578616d706c652e636f6d27292c0d0a20202020202020284e4558542056414c554520464f522073715f636c69656e742c20274461766964204d617274696e657a272c202764617669642e6d617274696e657a406578616d706c652e636f6d27292c0d0a20202020202020284e4558542056414c554520464f522073715f636c69656e742c20274f6c6976696120436c61726b272c20276f6c697669612e636c61726b406578616d706c652e636f6d27292c0d0a20202020202020284e4558542056414c554520464f522073715f636c69656e742c20274a616d6573204c65776973272c20276a616d65732e6c65776973406578616d706c652e636f6d27292c0d0a20202020202020284e4558542056414c554520464f522073715f636c69656e742c202749736162656c6c612057616c6b6572272c202769736162656c6c612e77616c6b6572406578616d706c652e636f6d27293b0d0a0d0a0d0a2d2d50726f6a65637473205461626c650d0a494e5345525420494e544f2070726f6a656374202870726f6a65637469642c206e616d652c206465736372697074696f6e2c207374617475732c207374617274646174652c20656e64646174652c20636c69656e746964290d0a56414c55455320284e4558542056414c554520464f522073715f70726f6a6563742c20275765627369746520526564657369676e272c2027436f6d706c657465206f7665726861756c206f662074686520636f6d70616e7920776562736974652e272c2027496e2050726f6772657373272c2027323032352d30312d3031272c2027323032352d30332d3031272c2031292c0d0a20202020202020284e4558542056414c554520464f522073715f70726f6a6563742c20274d6f62696c652041707020446576656c6f706d656e74272c2027446576656c6f706d656e74206f6620612063726f73732d706c6174666f726d206d6f62696c65206170706c69636174696f6e2e272c20274e6f742053746172746564272c2027323032352d30322d3031272c2027323032352d30362d3031272c2032292c0d0a20202020202020284e4558542056414c554520464f522073715f70726f6a6563742c2027452d636f6d6d6572636520506c6174666f726d272c20274275696c64696e6720612066756c6c792d66756e6374696f6e616c20652d636f6d6d6572636520706c6174666f726d2e272c2027496e2050726f6772657373272c2027323032352d30312d3135272c2027323032352d30352d3135272c2033292c0d0a20202020202020284e4558542056414c554520464f522073715f70726f6a6563742c20274d61726b6574696e672043616d706169676e272c202741206e6174696f6e776964652063616d706169676e20746f20626f6f73742070726f64756374207669736962696c6974792e272c2027436f6d706c65746564272c2027323032342d31312d3031272c2027323032342d31322d3331272c2034292c0d0a20202020202020284e4558542056414c554520464f522073715f70726f6a6563742c202743524d2053797374656d20496d706c656d656e746174696f6e272c2027496d706c656d656e74696e67206120637573746f6d2043524d2073797374656d20666f7220636c69656e74206d616e6167656d656e742e272c2027496e2050726f6772657373272c2027323032352d30312d3130272c2027323032352d30342d3130272c2035292c0d0a20202020202020284e4558542056414c554520464f522073715f70726f6a6563742c202753454f204f7074696d697a6174696f6e272c202753656172636820656e67696e65206f7074696d697a6174696f6e20666f722074686520636f6d70616e7920776562736974652e272c2027436f6d706c65746564272c2027323032342d30382d3031272c2027323032342d31322d3031272c2036292c0d0a20202020202020284e4558542056414c554520464f522073715f70726f6a6563742c2027436c6f7564204d6967726174696f6e272c20274d6967726174696e6720616c6c20636f6d70616e79206461746120616e64206f7065726174696f6e7320746f2074686520636c6f75642e272c20274e6f742053746172746564272c2027323032352d30332d3031272c2027323032352d30372d3031272c2037292c0d0a20202020202020284e4558542056414c554520464f522073715f70726f6a6563742c20274461746120416e616c797469637320546f6f6c272c2027446576656c6f70696e67206120746f6f6c20666f7220616e616c797a696e6720636f6d70616e79206461746120616e642067656e65726174696e67207265706f7274732e272c2027496e2050726f6772657373272c2027323032352d30312d3230272c2027323032352d30362d3230272c2038292c0d0a20202020202020284e4558542056414c554520464f522073715f70726f6a6563742c2027456d706c6f79656520547261696e696e672050726f6772616d272c202744657369676e696e6720616e6420696d706c656d656e74696e67206120747261696e696e672070726f6772616d20666f72206e657720656d706c6f796565732e272c2027436f6d706c65746564272c2027323032342d30392d3031272c2027323032342d31322d3031272c2039292c0d0a20202020202020284e4558542056414c554520464f522073715f70726f6a6563742c2027496e7465726e616c20436f6d6d756e69636174696f6e2053797374656d272c20274372656174696e672061206d6f726520656666696369656e7420636f6d6d756e69636174696f6e2073797374656d20666f722074686520636f6d70616e792e272c2027496e2050726f6772657373272c2027323032352d30322d3031272c2027323032352d30352d3031272c203130293b0d0a0d0a0d0a2d2d41737369676e6d656e74205461626c650d0a2d2d20496e736572742061737369676e6d656e747320696e746f207468652061737369676e6d656e74207461626c650d0a494e5345525420494e544f2061737369676e6d656e74202861737369676e6d656e7469642c2070726f6a65637469642c207573657269642c207374617274646174652c20656e6464617465290d0a56414c55455320284e4558542056414c554520464f522073715f61737369676e6d656e742c20312c20322c2027323032352d30312d3130272c2027323032352d30322d313027293b20202d2d20446576656c6f7065722061737369676e656420746f2050726f6a65637420310d0a0d0a494e5345525420494e544f2061737369676e6d656e74202861737369676e6d656e7469642c2070726f6a65637469642c207573657269642c207374617274646174652c20656e6464617465290d0a56414c55455320284e4558542056414c554520464f522073715f61737369676e6d656e742c20322c20332c2027323032352d30312d3132272c2027323032352d30322d313527293b20202d2d20446576656c6f7065722061737369676e656420746f2050726f6a65637420320d0a0d0a494e5345525420494e544f2061737369676e6d656e74202861737369676e6d656e7469642c2070726f6a65637469642c207573657269642c207374617274646174652c20656e6464617465290d0a56414c55455320284e4558542056414c554520464f522073715f61737369676e6d656e742c20332c20342c2027323032352d30312d3135272c2027323032352d30332d313527293b20202d2d20446576656c6f7065722061737369676e656420746f2050726f6a65637420330d0a0d0a494e5345525420494e544f2061737369676e6d656e74202861737369676e6d656e7469642c2070726f6a65637469642c207573657269642c207374617274646174652c20656e6464617465290d0a56414c55455320284e4558542056414c554520464f522073715f61737369676e6d656e742c20342c20352c2027323032352d30312d3138272c2027323032352d30322d323027293b20202d2d20446576656c6f7065722061737369676e656420746f2050726f6a65637420340d0a0d0a494e5345525420494e544f2061737369676e6d656e74202861737369676e6d656e7469642c2070726f6a65637469642c207573657269642c207374617274646174652c20656e6464617465290d0a56414c55455320284e4558542056414c554520464f522073715f61737369676e6d656e742c20352c20362c2027323032352d30312d3232272c2027323032352d30332d313027293b20202d2d20446576656c6f7065722061737369676e656420746f2050726f6a65637420350d0a0d0a494e5345525420494e544f2061737369676e6d656e74202861737369676e6d656e7469642c2070726f6a65637469642c207573657269642c207374617274646174652c20656e6464617465290d0a56414c55455320284e4558542056414c554520464f522073715f61737369676e6d656e742c20362c20372c2027323032352d30312d3235272c2027323032352d30332d303527293b20202d2d20446576656c6f7065722061737369676e656420746f2050726f6a65637420360d0a0d0a494e5345525420494e544f2061737369676e6d656e74202861737369676e6d656e7469642c2070726f6a65637469642c207573657269642c207374617274646174652c20656e6464617465290d0a56414c55455320284e4558542056414c554520464f522073715f61737369676e6d656e742c20372c20382c2027323032352d30312d3330272c2027323032352d30322d323827293b20202d2d20446576656c6f7065722061737369676e656420746f2050726f6a65637420370d0a0d0a494e5345525420494e544f2061737369676e6d656e74202861737369676e6d656e7469642c2070726f6a65637469642c207573657269642c207374617274646174652c20656e6464617465290d0a56414c55455320284e4558542056414c554520464f522073715f61737369676e6d656e742c20382c20392c2027323032352d30322d3032272c2027323032352d30332d303127293b20202d2d20446576656c6f7065722061737369676e656420746f2050726f6a65637420380d0a0d0a494e5345525420494e544f2061737369676e6d656e74202861737369676e6d656e7469642c2070726f6a65637469642c207573657269642c207374617274646174652c20656e6464617465290d0a56414c55455320284e4558542056414c554520464f522073715f61737369676e6d656e742c20392c2031302c2027323032352d30322d3035272c2027323032352d30332d313027293b20202d2d20446576656c6f7065722061737369676e656420746f2050726f6a65637420390d0a0d0a494e5345525420494e544f2061737369676e6d656e74202861737369676e6d656e7469642c2070726f6a65637469642c207573657269642c207374617274646174652c20656e6464617465290d0a56414c55455320284e4558542056414c554520464f522073715f61737369676e6d656e742c2031302c20322c2027323032352d30322d3038272c2027323032352d30332d313527293b20202d2d20446576656c6f7065722061737369676e656420746f2050726f6a6563742031300d0a0d0a0d0a2d2d204d696c6573746f6e65205461626c650d0a2d2d20496e73657274206d696c6573746f6e657320696e746f20746865206d696c6573746f6e65207461626c650d0a494e5345525420494e544f206d696c6573746f6e6520286d696c6573746f6e6569642c206e616d652c207374617475732c20647565646174652c2070726f6a6563746964290d0a56414c55455320284e4558542056414c554520464f522073715f6d696c6573746f6e652c202750726f6a656374204b69636b6f6666272c2027436f6d706c65746564272c2027323032352d30312d3230272c2031293b0d0a0d0a494e5345525420494e544f206d696c6573746f6e6520286d696c6573746f6e6569642c206e616d652c207374617475732c20647565646174652c2070726f6a6563746964290d0a56414c55455320284e4558542056414c554520464f522073715f6d696c6573746f6e652c2027496e697469616c2044657369676e272c2027496e2050726f6772657373272c2027323032352d30322d3135272c2032293b0d0a0d0a494e5345525420494e544f206d696c6573746f6e6520286d696c6573746f6e6569642c206e616d652c207374617475732c20647565646174652c2070726f6a6563746964290d0a56414c55455320284e4558542056414c554520464f522073715f6d696c6573746f6e652c2027506c616e6e696e67205374616765272c2027436f6d706c65746564272c2027323032352d30322d3130272c2033293b0d0a0d0a494e5345525420494e544f206d696c6573746f6e6520286d696c6573746f6e6569642c206e616d652c207374617475732c20647565646174652c2070726f6a6563746964290d0a56414c55455320284e4558542056414c554520464f522073715f6d696c6573746f6e652c202754657374696e67205068617365272c202750656e64696e67272c2027323032352d30332d3031272c2034293b0d0a0d0a494e5345525420494e544f206d696c6573746f6e6520286d696c6573746f6e6569642c206e616d652c207374617475732c20647565646174652c2070726f6a6563746964290d0a56414c55455320284e4558542056414c554520464f522073715f6d696c6573746f6e652c202746696e616c20526576696577272c20274e6f742053746172746564272c2027323032352d30332d3035272c2035293b0d0a0d0a494e5345525420494e544f206d696c6573746f6e6520286d696c6573746f6e6569642c206e616d652c207374617475732c20647565646174652c2070726f6a6563746964290d0a56414c55455320284e4558542056414c554520464f522073715f6d696c6573746f6e652c20274c61756e6368205068617365272c2027496e2050726f6772657373272c2027323032352d30322d3230272c2036293b0d0a0d0a494e5345525420494e544f206d696c6573746f6e6520286d696c6573746f6e6569642c206e616d652c207374617475732c20647565646174652c2070726f6a6563746964290d0a56414c55455320284e4558542056414c554520464f522073715f6d696c6573746f6e652c2027496e697469616c20506c616e6e696e67272c2027436f6d706c65746564272c2027323032352d30312d3235272c2037293b0d0a0d0a494e5345525420494e544f206d696c6573746f6e6520286d696c6573746f6e6569642c206e616d652c207374617475732c20647565646174652c2070726f6a6563746964290d0a56414c55455320284e4558542056414c554520464f522073715f6d696c6573746f6e652c2027426574612054657374696e67272c202750656e64696e67272c2027323032352d30332d3130272c2038293b0d0a0d0a494e5345525420494e544f206d696c6573746f6e6520286d696c6573746f6e6569642c206e616d652c207374617475732c20647565646174652c2070726f6a6563746964290d0a56414c55455320284e4558542056414c554520464f522073715f6d696c6573746f6e652c2027526576696577204d656574696e67272c2027436f6d706c65746564272c2027323032352d30322d3035272c2039293b0d0a0d0a494e5345525420494e544f206d696c6573746f6e6520286d696c6573746f6e6569642c206e616d652c207374617475732c20647565646174652c2070726f6a6563746964290d0a56414c55455320284e4558542056414c554520464f522073715f6d696c6573746f6e652c20274465706c6f796d656e74272c2027496e2050726f6772657373272c2027323032352d30322d3235272c203130293b0d0a0d0a0d0a2d2d205461736b205461626c650d0a2d2d20496e73657274207461736b7320696e746f20746865207461736b207461626c650d0a494e5345525420494e544f207461736b20287461736b69642c206e616d652c207374617475732c206465736372697074696f6e2c207072696f726974792c207573657269642c206d696c6573746f6e656964290d0a56414c55455320284e4558542056414c554520464f522073715f7461736b2c2027526571756972656d656e747320416e616c79736973272c2027436f6d706c65746564272c2027416e616c797a652070726f6a65637420726571756972656d656e7473272c202748696768272c20332c2031293b20202d2d2041737369676e656420746f20446576656c6f7065720d0a0d0a494e5345525420494e544f207461736b20287461736b69642c206e616d652c207374617475732c206465736372697074696f6e2c207072696f726974792c207573657269642c206d696c6573746f6e656964290d0a56414c55455320284e4558542056414c554520464f522073715f7461736b2c202753797374656d2044657369676e272c2027496e2050726f6772657373272c202744657369676e2073797374656d20617263686974656374757265272c20274d656469756d272c20322c2032293b20202d2d2041737369676e656420746f20446576656c6f7065720d0a0d0a494e5345525420494e544f207461736b20287461736b69642c206e616d652c207374617475732c206465736372697074696f6e2c207072696f726974792c207573657269642c206d696c6573746f6e656964290d0a56414c55455320284e4558542056414c554520464f522073715f7461736b2c202750726f746f74797065204372656174696f6e272c2027436f6d706c65746564272c20274372656174652070726f6a6563742070726f746f74797065272c202748696768272c20332c2033293b20202d2d2041737369676e656420746f20446576656c6f7065720d0a0d0a494e5345525420494e544f207461736b20287461736b69642c206e616d652c207374617475732c206465736372697074696f6e2c207072696f726974792c207573657269642c206d696c6573746f6e656964290d0a56414c55455320284e4558542056414c554520464f522073715f7461736b2c2027556e69742054657374696e67272c202750656e64696e67272c20275465737420696e646976696475616c20636f6d706f6e656e7473272c20274c6f77272c20322c2034293b20202d2d2041737369676e656420746f20446576656c6f7065720d0a0d0a494e5345525420494e544f207461736b20287461736b69642c206e616d652c207374617475732c206465736372697074696f6e2c207072696f726974792c207573657269642c206d696c6573746f6e656964290d0a56414c55455320284e4558542056414c554520464f522073715f7461736b2c20274465706c6f796d656e74272c20274e6f742053746172746564272c20275072657061726520666f722070726f6a656374206465706c6f796d656e74272c202748696768272c20332c2035293b20202d2d2041737369676e656420746f20446576656c6f7065720d0a0d0a494e5345525420494e544f207461736b20287461736b69642c206e616d652c207374617475732c206465736372697074696f6e2c207072696f726974792c207573657269642c206d696c6573746f6e656964290d0a56414c55455320284e4558542056414c554520464f522073715f7461736b2c202742756720466978696e67272c2027496e2050726f6772657373272c202746697820627567732066726f6d20696e697469616c2074657374696e67272c20274d656469756d272c20322c2036293b20202d2d2041737369676e656420746f20446576656c6f7065720d0a0d0a494e5345525420494e544f207461736b20287461736b69642c206e616d652c207374617475732c206465736372697074696f6e2c207072696f726974792c207573657269642c206d696c6573746f6e656964290d0a56414c55455320284e4558542056414c554520464f522073715f7461736b2c2027446f63756d656e746174696f6e272c2027436f6d706c65746564272c20275772697465207573657220616e6420746563686e6963616c20646f63756d656e746174696f6e272c20274d656469756d272c20332c2037293b20202d2d2041737369676e656420746f20446576656c6f7065720d0a0d0a494e5345525420494e544f207461736b20287461736b69642c206e616d652c207374617475732c206465736372697074696f6e2c207072696f726974792c207573657269642c206d696c6573746f6e656964290d0a56414c55455320284e4558542056414c554520464f522073715f7461736b2c2027436c69656e74204d656574696e67272c202750656e64696e67272c20274d656574207769746820636c69656e7420666f7220666565646261636b272c202748696768272c20322c2038293b20202d2d2041737369676e656420746f20446576656c6f7065720d0a0d0a494e5345525420494e544f207461736b20287461736b69642c206e616d652c207374617475732c206465736372697074696f6e2c207072696f726974792c207573657269642c206d696c6573746f6e656964290d0a56414c55455320284e4558542056414c554520464f522073715f7461736b2c202746696e616c2054657374696e67272c2027496e2050726f6772657373272c2027436f6e647563742066696e616c207465737473206f6e207468652073797374656d272c202748696768272c20332c2039293b20202d2d2041737369676e656420746f20446576656c6f7065720d0a0d0a494e5345525420494e544f207461736b20287461736b69642c206e616d652c207374617475732c206465736372697074696f6e2c207072696f726974792c207573657269642c206d696c6573746f6e656964290d0a56414c55455320284e4558542056414c554520464f522073715f7461736b2c20274c61756e6368204576656e74272c20274e6f742053746172746564272c2027506c616e20616e64206f7267616e697a652070726f6a656374206c61756e6368206576656e74272c20274c6f77272c20322c203130293b20202d2d2041737369676e656420746f20446576656c6f7065720d0a, 'ADBMS insertion.txt', 'text/plain'),
(15, 3, 2, 'New Task', 'sdfsdffsd', '2025-01-01', '2025-01-30', 'Waiting For Approval', '', '2025-01-31 19:10:29', 0x2d2d2d20496e73657274696f6e205175657279202d2d2d200d0a0d0a2d2d205573657273205461626c650d0a2d2d20496e7365727420757365727320696e746f2074686520757372207461626c652c207573696e67206e65787476616c20666f7220746865207573657269640d0a494e5345525420494e544f2075737220287573657269642c206e616d652c20656d61696c2c2070617373776f72642c20617661696c6162696c6974797374617475732c20726f6c65696429200d0a56414c55455320284e4558542056414c554520464f522073715f7573722c20274a6f686e20446f65272c20276a6f686e646f65406578616d706c652e636f6d272c202770617373776f7264313233272c20312c2032293b20202d2d20436c69656e740d0a0d0a494e5345525420494e544f2075737220287573657269642c206e616d652c20656d61696c2c2070617373776f72642c20617661696c6162696c6974797374617475732c20726f6c65696429200d0a56414c55455320284e4558542056414c554520464f522073715f7573722c20274a616e6520536d697468272c20276a616e65736d697468406578616d706c652e636f6d272c202770617373776f7264313233272c20312c2033293b20202d2d20446576656c6f7065720d0a0d0a494e5345525420494e544f2075737220287573657269642c206e616d652c20656d61696c2c2070617373776f72642c20617661696c6162696c6974797374617475732c20726f6c65696429200d0a56414c55455320284e4558542056414c554520464f522073715f7573722c20274d69636861656c204a6f686e736f6e272c20276d69636861656c6a406578616d706c652e636f6d272c202770617373776f7264313233272c20312c2032293b20202d2d20436c69656e740d0a0d0a494e5345525420494e544f2075737220287573657269642c206e616d652c20656d61696c2c2070617373776f72642c20617661696c6162696c6974797374617475732c20726f6c65696429200d0a56414c55455320284e4558542056414c554520464f522073715f7573722c2027456d696c79204461766973272c2027656d696c7964406578616d706c652e636f6d272c202770617373776f7264313233272c20312c2033293b20202d2d20446576656c6f7065720d0a0d0a494e5345525420494e544f2075737220287573657269642c206e616d652c20656d61696c2c2070617373776f72642c20617661696c6162696c6974797374617475732c20726f6c65696429200d0a56414c55455320284e4558542056414c554520464f522073715f7573722c20274461766964204c6565272c202764617669646c406578616d706c652e636f6d272c202770617373776f7264313233272c20312c2032293b20202d2d20436c69656e740d0a0d0a494e5345525420494e544f2075737220287573657269642c206e616d652c20656d61696c2c2070617373776f72642c20617661696c6162696c6974797374617475732c20726f6c65696429200d0a56414c55455320284e4558542056414c554520464f522073715f7573722c20275361726168205461796c6f72272c202773617261687461796c6f72406578616d706c652e636f6d272c202770617373776f7264313233272c20312c2033293b20202d2d20446576656c6f7065720d0a0d0a494e5345525420494e544f2075737220287573657269642c206e616d652c20656d61696c2c2070617373776f72642c20617661696c6162696c6974797374617475732c20726f6c65696429200d0a56414c55455320284e4558542056414c554520464f522073715f7573722c20274368726973746f70686572205768697465272c20276368726973746f7068657277406578616d706c652e636f6d272c202770617373776f7264313233272c20312c2032293b20202d2d20436c69656e740d0a0d0a494e5345525420494e544f2075737220287573657269642c206e616d652c20656d61696c2c2070617373776f72642c20617661696c6162696c6974797374617475732c20726f6c65696429200d0a56414c55455320284e4558542056414c554520464f522073715f7573722c20274a657373696361204d617274696e657a272c20276a6573736963616d617274696e657a406578616d706c652e636f6d272c202770617373776f7264313233272c20312c2033293b20202d2d20446576656c6f7065720d0a0d0a494e5345525420494e544f2075737220287573657269642c206e616d652c20656d61696c2c2070617373776f72642c20617661696c6162696c6974797374617475732c20726f6c65696429200d0a56414c55455320284e4558542056414c554520464f522073715f7573722c202744616e69656c20486172726973272c202764616e69656c686172726973406578616d706c652e636f6d272c202770617373776f7264313233272c20312c2032293b20202d2d20436c69656e740d0a0d0a494e5345525420494e544f2075737220287573657269642c206e616d652c20656d61696c2c2070617373776f72642c20617661696c6162696c6974797374617475732c20726f6c65696429200d0a56414c55455320284e4558542056414c554520464f522073715f7573722c20274f6c6976696120526f62696e736f6e272c20276f6c69766961726f62696e736f6e406578616d706c652e636f6d272c202770617373776f7264313233272c20312c2033293b20202d2d20446576656c6f7065720d0a0d0a0d0a2d2d20436c69656e7473205461626c650d0a494e5345525420494e544f20636c69656e742028636c69656e7469642c206e616d652c20656d61696c290d0a56414c55455320284e4558542056414c554520464f522073715f636c69656e742c20274a6f686e20536d697468272c20276a6f686e2e736d697468406578616d706c652e636f6d27292c0d0a20202020202020284e4558542056414c554520464f522073715f636c69656e742c20274a616e6520446f65272c20276a616e652e646f65406578616d706c652e636f6d27292c0d0a20202020202020284e4558542056414c554520464f522073715f636c69656e742c20274d69636861656c204a6f686e736f6e272c20276d69636861656c2e6a6f686e736f6e406578616d706c652e636f6d27292c0d0a20202020202020284e4558542056414c554520464f522073715f636c69656e742c2027456d696c79204461766973272c2027656d696c792e6461766973406578616d706c652e636f6d27292c0d0a20202020202020284e4558542056414c554520464f522073715f636c69656e742c202744616e69656c2057696c736f6e272c202764616e69656c2e77696c736f6e406578616d706c652e636f6d27292c0d0a20202020202020284e4558542056414c554520464f522073715f636c69656e742c2027536f706869612042726f776e272c2027736f706869612e62726f776e406578616d706c652e636f6d27292c0d0a20202020202020284e4558542056414c554520464f522073715f636c69656e742c20274461766964204d617274696e657a272c202764617669642e6d617274696e657a406578616d706c652e636f6d27292c0d0a20202020202020284e4558542056414c554520464f522073715f636c69656e742c20274f6c6976696120436c61726b272c20276f6c697669612e636c61726b406578616d706c652e636f6d27292c0d0a20202020202020284e4558542056414c554520464f522073715f636c69656e742c20274a616d6573204c65776973272c20276a616d65732e6c65776973406578616d706c652e636f6d27292c0d0a20202020202020284e4558542056414c554520464f522073715f636c69656e742c202749736162656c6c612057616c6b6572272c202769736162656c6c612e77616c6b6572406578616d706c652e636f6d27293b0d0a0d0a0d0a2d2d50726f6a65637473205461626c650d0a494e5345525420494e544f2070726f6a656374202870726f6a65637469642c206e616d652c206465736372697074696f6e2c207374617475732c207374617274646174652c20656e64646174652c20636c69656e746964290d0a56414c55455320284e4558542056414c554520464f522073715f70726f6a6563742c20275765627369746520526564657369676e272c2027436f6d706c657465206f7665726861756c206f662074686520636f6d70616e7920776562736974652e272c2027496e2050726f6772657373272c2027323032352d30312d3031272c2027323032352d30332d3031272c2031292c0d0a20202020202020284e4558542056414c554520464f522073715f70726f6a6563742c20274d6f62696c652041707020446576656c6f706d656e74272c2027446576656c6f706d656e74206f6620612063726f73732d706c6174666f726d206d6f62696c65206170706c69636174696f6e2e272c20274e6f742053746172746564272c2027323032352d30322d3031272c2027323032352d30362d3031272c2032292c0d0a20202020202020284e4558542056414c554520464f522073715f70726f6a6563742c2027452d636f6d6d6572636520506c6174666f726d272c20274275696c64696e6720612066756c6c792d66756e6374696f6e616c20652d636f6d6d6572636520706c6174666f726d2e272c2027496e2050726f6772657373272c2027323032352d30312d3135272c2027323032352d30352d3135272c2033292c0d0a20202020202020284e4558542056414c554520464f522073715f70726f6a6563742c20274d61726b6574696e672043616d706169676e272c202741206e6174696f6e776964652063616d706169676e20746f20626f6f73742070726f64756374207669736962696c6974792e272c2027436f6d706c65746564272c2027323032342d31312d3031272c2027323032342d31322d3331272c2034292c0d0a20202020202020284e4558542056414c554520464f522073715f70726f6a6563742c202743524d2053797374656d20496d706c656d656e746174696f6e272c2027496d706c656d656e74696e67206120637573746f6d2043524d2073797374656d20666f7220636c69656e74206d616e6167656d656e742e272c2027496e2050726f6772657373272c2027323032352d30312d3130272c2027323032352d30342d3130272c2035292c0d0a20202020202020284e4558542056414c554520464f522073715f70726f6a6563742c202753454f204f7074696d697a6174696f6e272c202753656172636820656e67696e65206f7074696d697a6174696f6e20666f722074686520636f6d70616e7920776562736974652e272c2027436f6d706c65746564272c2027323032342d30382d3031272c2027323032342d31322d3031272c2036292c0d0a20202020202020284e4558542056414c554520464f522073715f70726f6a6563742c2027436c6f7564204d6967726174696f6e272c20274d6967726174696e6720616c6c20636f6d70616e79206461746120616e64206f7065726174696f6e7320746f2074686520636c6f75642e272c20274e6f742053746172746564272c2027323032352d30332d3031272c2027323032352d30372d3031272c2037292c0d0a20202020202020284e4558542056414c554520464f522073715f70726f6a6563742c20274461746120416e616c797469637320546f6f6c272c2027446576656c6f70696e67206120746f6f6c20666f7220616e616c797a696e6720636f6d70616e79206461746120616e642067656e65726174696e67207265706f7274732e272c2027496e2050726f6772657373272c2027323032352d30312d3230272c2027323032352d30362d3230272c2038292c0d0a20202020202020284e4558542056414c554520464f522073715f70726f6a6563742c2027456d706c6f79656520547261696e696e672050726f6772616d272c202744657369676e696e6720616e6420696d706c656d656e74696e67206120747261696e696e672070726f6772616d20666f72206e657720656d706c6f796565732e272c2027436f6d706c65746564272c2027323032342d30392d3031272c2027323032342d31322d3031272c2039292c0d0a20202020202020284e4558542056414c554520464f522073715f70726f6a6563742c2027496e7465726e616c20436f6d6d756e69636174696f6e2053797374656d272c20274372656174696e672061206d6f726520656666696369656e7420636f6d6d756e69636174696f6e2073797374656d20666f722074686520636f6d70616e792e272c2027496e2050726f6772657373272c2027323032352d30322d3031272c2027323032352d30352d3031272c203130293b0d0a0d0a0d0a2d2d41737369676e6d656e74205461626c650d0a2d2d20496e736572742061737369676e6d656e747320696e746f207468652061737369676e6d656e74207461626c650d0a494e5345525420494e544f2061737369676e6d656e74202861737369676e6d656e7469642c2070726f6a65637469642c207573657269642c207374617274646174652c20656e6464617465290d0a56414c55455320284e4558542056414c554520464f522073715f61737369676e6d656e742c20312c20322c2027323032352d30312d3130272c2027323032352d30322d313027293b20202d2d20446576656c6f7065722061737369676e656420746f2050726f6a65637420310d0a0d0a494e5345525420494e544f2061737369676e6d656e74202861737369676e6d656e7469642c2070726f6a65637469642c207573657269642c207374617274646174652c20656e6464617465290d0a56414c55455320284e4558542056414c554520464f522073715f61737369676e6d656e742c20322c20332c2027323032352d30312d3132272c2027323032352d30322d313527293b20202d2d20446576656c6f7065722061737369676e656420746f2050726f6a65637420320d0a0d0a494e5345525420494e544f2061737369676e6d656e74202861737369676e6d656e7469642c2070726f6a65637469642c207573657269642c207374617274646174652c20656e6464617465290d0a56414c55455320284e4558542056414c554520464f522073715f61737369676e6d656e742c20332c20342c2027323032352d30312d3135272c2027323032352d30332d313527293b20202d2d20446576656c6f7065722061737369676e656420746f2050726f6a65637420330d0a0d0a494e5345525420494e544f2061737369676e6d656e74202861737369676e6d656e7469642c2070726f6a65637469642c207573657269642c207374617274646174652c20656e6464617465290d0a56414c55455320284e4558542056414c554520464f522073715f61737369676e6d656e742c20342c20352c2027323032352d30312d3138272c2027323032352d30322d323027293b20202d2d20446576656c6f7065722061737369676e656420746f2050726f6a65637420340d0a0d0a494e5345525420494e544f2061737369676e6d656e74202861737369676e6d656e7469642c2070726f6a65637469642c207573657269642c207374617274646174652c20656e6464617465290d0a56414c55455320284e4558542056414c554520464f522073715f61737369676e6d656e742c20352c20362c2027323032352d30312d3232272c2027323032352d30332d313027293b20202d2d20446576656c6f7065722061737369676e656420746f2050726f6a65637420350d0a0d0a494e5345525420494e544f2061737369676e6d656e74202861737369676e6d656e7469642c2070726f6a65637469642c207573657269642c207374617274646174652c20656e6464617465290d0a56414c55455320284e4558542056414c554520464f522073715f61737369676e6d656e742c20362c20372c2027323032352d30312d3235272c2027323032352d30332d303527293b20202d2d20446576656c6f7065722061737369676e656420746f2050726f6a65637420360d0a0d0a494e5345525420494e544f2061737369676e6d656e74202861737369676e6d656e7469642c2070726f6a65637469642c207573657269642c207374617274646174652c20656e6464617465290d0a56414c55455320284e4558542056414c554520464f522073715f61737369676e6d656e742c20372c20382c2027323032352d30312d3330272c2027323032352d30322d323827293b20202d2d20446576656c6f7065722061737369676e656420746f2050726f6a65637420370d0a0d0a494e5345525420494e544f2061737369676e6d656e74202861737369676e6d656e7469642c2070726f6a65637469642c207573657269642c207374617274646174652c20656e6464617465290d0a56414c55455320284e4558542056414c554520464f522073715f61737369676e6d656e742c20382c20392c2027323032352d30322d3032272c2027323032352d30332d303127293b20202d2d20446576656c6f7065722061737369676e656420746f2050726f6a65637420380d0a0d0a494e5345525420494e544f2061737369676e6d656e74202861737369676e6d656e7469642c2070726f6a65637469642c207573657269642c207374617274646174652c20656e6464617465290d0a56414c55455320284e4558542056414c554520464f522073715f61737369676e6d656e742c20392c2031302c2027323032352d30322d3035272c2027323032352d30332d313027293b20202d2d20446576656c6f7065722061737369676e656420746f2050726f6a65637420390d0a0d0a494e5345525420494e544f2061737369676e6d656e74202861737369676e6d656e7469642c2070726f6a65637469642c207573657269642c207374617274646174652c20656e6464617465290d0a56414c55455320284e4558542056414c554520464f522073715f61737369676e6d656e742c2031302c20322c2027323032352d30322d3038272c2027323032352d30332d313527293b20202d2d20446576656c6f7065722061737369676e656420746f2050726f6a6563742031300d0a0d0a0d0a2d2d204d696c6573746f6e65205461626c650d0a2d2d20496e73657274206d696c6573746f6e657320696e746f20746865206d696c6573746f6e65207461626c650d0a494e5345525420494e544f206d696c6573746f6e6520286d696c6573746f6e6569642c206e616d652c207374617475732c20647565646174652c2070726f6a6563746964290d0a56414c55455320284e4558542056414c554520464f522073715f6d696c6573746f6e652c202750726f6a656374204b69636b6f6666272c2027436f6d706c65746564272c2027323032352d30312d3230272c2031293b0d0a0d0a494e5345525420494e544f206d696c6573746f6e6520286d696c6573746f6e6569642c206e616d652c207374617475732c20647565646174652c2070726f6a6563746964290d0a56414c55455320284e4558542056414c554520464f522073715f6d696c6573746f6e652c2027496e697469616c2044657369676e272c2027496e2050726f6772657373272c2027323032352d30322d3135272c2032293b0d0a0d0a494e5345525420494e544f206d696c6573746f6e6520286d696c6573746f6e6569642c206e616d652c207374617475732c20647565646174652c2070726f6a6563746964290d0a56414c55455320284e4558542056414c554520464f522073715f6d696c6573746f6e652c2027506c616e6e696e67205374616765272c2027436f6d706c65746564272c2027323032352d30322d3130272c2033293b0d0a0d0a494e5345525420494e544f206d696c6573746f6e6520286d696c6573746f6e6569642c206e616d652c207374617475732c20647565646174652c2070726f6a6563746964290d0a56414c55455320284e4558542056414c554520464f522073715f6d696c6573746f6e652c202754657374696e67205068617365272c202750656e64696e67272c2027323032352d30332d3031272c2034293b0d0a0d0a494e5345525420494e544f206d696c6573746f6e6520286d696c6573746f6e6569642c206e616d652c207374617475732c20647565646174652c2070726f6a6563746964290d0a56414c55455320284e4558542056414c554520464f522073715f6d696c6573746f6e652c202746696e616c20526576696577272c20274e6f742053746172746564272c2027323032352d30332d3035272c2035293b0d0a0d0a494e5345525420494e544f206d696c6573746f6e6520286d696c6573746f6e6569642c206e616d652c207374617475732c20647565646174652c2070726f6a6563746964290d0a56414c55455320284e4558542056414c554520464f522073715f6d696c6573746f6e652c20274c61756e6368205068617365272c2027496e2050726f6772657373272c2027323032352d30322d3230272c2036293b0d0a0d0a494e5345525420494e544f206d696c6573746f6e6520286d696c6573746f6e6569642c206e616d652c207374617475732c20647565646174652c2070726f6a6563746964290d0a56414c55455320284e4558542056414c554520464f522073715f6d696c6573746f6e652c2027496e697469616c20506c616e6e696e67272c2027436f6d706c65746564272c2027323032352d30312d3235272c2037293b0d0a0d0a494e5345525420494e544f206d696c6573746f6e6520286d696c6573746f6e6569642c206e616d652c207374617475732c20647565646174652c2070726f6a6563746964290d0a56414c55455320284e4558542056414c554520464f522073715f6d696c6573746f6e652c2027426574612054657374696e67272c202750656e64696e67272c2027323032352d30332d3130272c2038293b0d0a0d0a494e5345525420494e544f206d696c6573746f6e6520286d696c6573746f6e6569642c206e616d652c207374617475732c20647565646174652c2070726f6a6563746964290d0a56414c55455320284e4558542056414c554520464f522073715f6d696c6573746f6e652c2027526576696577204d656574696e67272c2027436f6d706c65746564272c2027323032352d30322d3035272c2039293b0d0a0d0a494e5345525420494e544f206d696c6573746f6e6520286d696c6573746f6e6569642c206e616d652c207374617475732c20647565646174652c2070726f6a6563746964290d0a56414c55455320284e4558542056414c554520464f522073715f6d696c6573746f6e652c20274465706c6f796d656e74272c2027496e2050726f6772657373272c2027323032352d30322d3235272c203130293b0d0a0d0a0d0a2d2d205461736b205461626c650d0a2d2d20496e73657274207461736b7320696e746f20746865207461736b207461626c650d0a494e5345525420494e544f207461736b20287461736b69642c206e616d652c207374617475732c206465736372697074696f6e2c207072696f726974792c207573657269642c206d696c6573746f6e656964290d0a56414c55455320284e4558542056414c554520464f522073715f7461736b2c2027526571756972656d656e747320416e616c79736973272c2027436f6d706c65746564272c2027416e616c797a652070726f6a65637420726571756972656d656e7473272c202748696768272c20332c2031293b20202d2d2041737369676e656420746f20446576656c6f7065720d0a0d0a494e5345525420494e544f207461736b20287461736b69642c206e616d652c207374617475732c206465736372697074696f6e2c207072696f726974792c207573657269642c206d696c6573746f6e656964290d0a56414c55455320284e4558542056414c554520464f522073715f7461736b2c202753797374656d2044657369676e272c2027496e2050726f6772657373272c202744657369676e2073797374656d20617263686974656374757265272c20274d656469756d272c20322c2032293b20202d2d2041737369676e656420746f20446576656c6f7065720d0a0d0a494e5345525420494e544f207461736b20287461736b69642c206e616d652c207374617475732c206465736372697074696f6e2c207072696f726974792c207573657269642c206d696c6573746f6e656964290d0a56414c55455320284e4558542056414c554520464f522073715f7461736b2c202750726f746f74797065204372656174696f6e272c2027436f6d706c65746564272c20274372656174652070726f6a6563742070726f746f74797065272c202748696768272c20332c2033293b20202d2d2041737369676e656420746f20446576656c6f7065720d0a0d0a494e5345525420494e544f207461736b20287461736b69642c206e616d652c207374617475732c206465736372697074696f6e2c207072696f726974792c207573657269642c206d696c6573746f6e656964290d0a56414c55455320284e4558542056414c554520464f522073715f7461736b2c2027556e69742054657374696e67272c202750656e64696e67272c20275465737420696e646976696475616c20636f6d706f6e656e7473272c20274c6f77272c20322c2034293b20202d2d2041737369676e656420746f20446576656c6f7065720d0a0d0a494e5345525420494e544f207461736b20287461736b69642c206e616d652c207374617475732c206465736372697074696f6e2c207072696f726974792c207573657269642c206d696c6573746f6e656964290d0a56414c55455320284e4558542056414c554520464f522073715f7461736b2c20274465706c6f796d656e74272c20274e6f742053746172746564272c20275072657061726520666f722070726f6a656374206465706c6f796d656e74272c202748696768272c20332c2035293b20202d2d2041737369676e656420746f20446576656c6f7065720d0a0d0a494e5345525420494e544f207461736b20287461736b69642c206e616d652c207374617475732c206465736372697074696f6e2c207072696f726974792c207573657269642c206d696c6573746f6e656964290d0a56414c55455320284e4558542056414c554520464f522073715f7461736b2c202742756720466978696e67272c2027496e2050726f6772657373272c202746697820627567732066726f6d20696e697469616c2074657374696e67272c20274d656469756d272c20322c2036293b20202d2d2041737369676e656420746f20446576656c6f7065720d0a0d0a494e5345525420494e544f207461736b20287461736b69642c206e616d652c207374617475732c206465736372697074696f6e2c207072696f726974792c207573657269642c206d696c6573746f6e656964290d0a56414c55455320284e4558542056414c554520464f522073715f7461736b2c2027446f63756d656e746174696f6e272c2027436f6d706c65746564272c20275772697465207573657220616e6420746563686e6963616c20646f63756d656e746174696f6e272c20274d656469756d272c20332c2037293b20202d2d2041737369676e656420746f20446576656c6f7065720d0a0d0a494e5345525420494e544f207461736b20287461736b69642c206e616d652c207374617475732c206465736372697074696f6e2c207072696f726974792c207573657269642c206d696c6573746f6e656964290d0a56414c55455320284e4558542056414c554520464f522073715f7461736b2c2027436c69656e74204d656574696e67272c202750656e64696e67272c20274d656574207769746820636c69656e7420666f7220666565646261636b272c202748696768272c20322c2038293b20202d2d2041737369676e656420746f20446576656c6f7065720d0a0d0a494e5345525420494e544f207461736b20287461736b69642c206e616d652c207374617475732c206465736372697074696f6e2c207072696f726974792c207573657269642c206d696c6573746f6e656964290d0a56414c55455320284e4558542056414c554520464f522073715f7461736b2c202746696e616c2054657374696e67272c2027496e2050726f6772657373272c2027436f6e647563742066696e616c207465737473206f6e207468652073797374656d272c202748696768272c20332c2039293b20202d2d2041737369676e656420746f20446576656c6f7065720d0a0d0a494e5345525420494e544f207461736b20287461736b69642c206e616d652c207374617475732c206465736372697074696f6e2c207072696f726974792c207573657269642c206d696c6573746f6e656964290d0a56414c55455320284e4558542056414c554520464f522073715f7461736b2c20274c61756e6368204576656e74272c20274e6f742053746172746564272c2027506c616e20616e64206f7267616e697a652070726f6a656374206c61756e6368206576656e74272c20274c6f77272c20322c203130293b20202d2d2041737369676e656420746f20446576656c6f7065720d0a, 'ADBMS insertion.txt', 'text/plain'),
(20, 2, 2, 'New Task 1', '', '0000-00-00', '0000-00-00', 'Completed', '', '2025-01-30 05:12:51', NULL, NULL, NULL),
(23, 9, 6, 'New Task', '', '0000-00-00', '0000-00-00', 'Completed', '', '2025-01-30 05:13:04', NULL, NULL, NULL);

--
-- Triggers `tasks`
--
DELIMITER $$
CREATE TRIGGER `update_project_progress` AFTER INSERT ON `tasks` FOR EACH ROW BEGIN
    DECLARE totalTasks INT DEFAULT 0;
    DECLARE completedTasks INT DEFAULT 0;
    DECLARE progress DECIMAL(5, 2) DEFAULT 0.00;

    -- Count total tasks for the project
    SELECT COUNT(*) INTO totalTasks FROM tasks WHERE project_id = NEW.project_id;

    -- Count completed tasks for the project
    SELECT COUNT(*) INTO completedTasks FROM tasks WHERE project_id = NEW.project_id AND status = 'Completed';

    -- Calculate progress
    SET progress = IF(totalTasks = 0, 0, (completedTasks * 100.0) / totalTasks);

    -- Update the progress in the projects table
    UPDATE projects SET progress = progress WHERE project_id = NEW.project_id;
END
$$
DELIMITER ;
DELIMITER $$
CREATE TRIGGER `update_project_progress_after_delete` AFTER DELETE ON `tasks` FOR EACH ROW BEGIN
    DECLARE totalTasks INT DEFAULT 0;
    DECLARE completedTasks INT DEFAULT 0;
    DECLARE progress DECIMAL(5, 2) DEFAULT 0.00;

    -- Count total tasks for the project
    SELECT COUNT(*) INTO totalTasks FROM tasks WHERE project_id = OLD.project_id;

    -- Count completed tasks for the project
    SELECT COUNT(*) INTO completedTasks FROM tasks WHERE project_id = OLD.project_id AND status = 'Completed';

    -- Calculate progress
    SET progress = IF(totalTasks = 0, 0, (completedTasks * 100.0) / totalTasks);

    -- Update the progress in the projects table
    UPDATE projects SET progress = progress WHERE project_id = OLD.project_id;
END
$$
DELIMITER ;
DELIMITER $$
CREATE TRIGGER `update_project_progress_after_insert` AFTER INSERT ON `tasks` FOR EACH ROW BEGIN
    DECLARE totalTasks INT DEFAULT 0;
    DECLARE completedTasks INT DEFAULT 0;
    DECLARE progress DECIMAL(5, 2) DEFAULT 0.00;

    -- Count total tasks for the project
    SELECT COUNT(*) INTO totalTasks FROM tasks WHERE project_id = NEW.project_id;

    -- Count completed tasks for the project
    SELECT COUNT(*) INTO completedTasks FROM tasks WHERE project_id = NEW.project_id AND status = 'Completed';

    -- Calculate progress
    SET progress = IF(totalTasks = 0, 0, (completedTasks * 100.0) / totalTasks);

    -- Update the progress in the projects table
    UPDATE projects SET progress = progress WHERE project_id = NEW.project_id;
END
$$
DELIMITER ;
DELIMITER $$
CREATE TRIGGER `update_project_progress_after_update` AFTER UPDATE ON `tasks` FOR EACH ROW BEGIN
    DECLARE totalTasks INT DEFAULT 0;
    DECLARE completedTasks INT DEFAULT 0;
    DECLARE progress DECIMAL(5, 2) DEFAULT 0.00;

    -- Count total tasks for the project
    SELECT COUNT(*) INTO totalTasks FROM tasks WHERE project_id = NEW.project_id;

    -- Count completed tasks for the project
    SELECT COUNT(*) INTO completedTasks FROM tasks WHERE project_id = NEW.project_id AND status = 'Completed';

    -- Calculate progress
    SET progress = IF(totalTasks = 0, 0, (completedTasks * 100.0) / totalTasks);

    -- Update the progress in the projects table
    UPDATE projects SET progress = progress WHERE project_id = NEW.project_id;
END
$$
DELIMITER ;

-- --------------------------------------------------------

--
-- Table structure for table `usr`
--

CREATE TABLE `usr` (
  `userid` int(11) NOT NULL,
  `firstname` varchar(255) NOT NULL,
  `lastname` varchar(255) NOT NULL,
  `name` varchar(255) NOT NULL,
  `email` varchar(255) NOT NULL,
  `password` varchar(255) NOT NULL,
  `roleid` int(11) DEFAULT NULL
) ENGINE=InnoDB DEFAULT CHARSET=utf8mb4 COLLATE=utf8mb4_general_ci;

--
-- Dumping data for table `usr`
--

INSERT INTO `usr` (`userid`, `firstname`, `lastname`, `name`, `email`, `password`, `roleid`) VALUES
(1, 'Md Asif', 'Chowdhury', 'NocillaX', 'asifjarif@gmail.com', '$2y$10$oWBK3vUqAFtNZqrctVu84e8rJDlOcoXFZ0HP6XvBiUc2IRpr.50X.', 4),
(2, 'John', 'Doe', 'jdoe', 'john.doe@example.com', '$2y$10$oWBK3vUqAFtNZqrctVu84e8rJDlOcoXFZ0HP6XvBiUc2IRpr.50X.', 3),
(3, 'Jane', 'Smith', 'jsmith', 'jane.smith@example.com', '$2y$10$oWBK3vUqAFtNZqrctVu84e8rJDlOcoXFZ0HP6XvBiUc2IRpr.50X.', 2),
(4, 'Alice', 'Brown', 'abrown', 'alice.brown@example.com', '$2y$10$oWBK3vUqAFtNZqrctVu84e8rJDlOcoXFZ0HP6XvBiUc2IRpr.50X.', 2),
(5, 'Bob', 'Johnson', 'bjohnson', 'bob.johnson@example.com', '$2y$10$oWBK3vUqAFtNZqrctVu84e8rJDlOcoXFZ0HP6XvBiUc2IRpr.50X.', 1),
(6, 'Charlie', 'White', 'cwhite', 'charlie.white@example.com', '$2y$10$oWBK3vUqAFtNZqrctVu84e8rJDlOcoXFZ0HP6XvBiUc2IRpr.50X.', 3),
(7, 'David', 'Black', 'dblack', 'david.black@example.com', '$2y$10$oWBK3vUqAFtNZqrctVu84e8rJDlOcoXFZ0HP6XvBiUc2IRpr.50X.', 4),
(8, 'Eve', 'Green', 'egreen', 'eve.green@example.com', '$2y$10$oWBK3vUqAFtNZqrctVu84e8rJDlOcoXFZ0HP6XvBiUc2IRpr.50X.', 2),
(9, 'Frank', 'Blue', 'fblue', 'frank.blue@example.com', '$2y$10$oWBK3vUqAFtNZqrctVu84e8rJDlOcoXFZ0HP6XvBiUc2IRpr.50X.', 3),
(10, 'Grace', 'Red', 'gred', 'grace.red@example.com', '$2y$10$oWBK3vUqAFtNZqrctVu84e8rJDlOcoXFZ0HP6XvBiUc2IRpr.50X.', 4),
(11, 'Hank', 'Yellow', 'hyellow', 'hank.yellow@example.com', '$2y$10$oWBK3vUqAFtNZqrctVu84e8rJDlOcoXFZ0HP6XvBiUc2IRpr.50X.', 1),
(13, 'Md Asif', 'Chowdhury', 'Nocilla', 'asiff@gmail.com', '$2y$10$uuVIjBuzaUd2lH3d98864emFt2Kh/1J8Hd3X/TT1j72/ZXbqEY7Se', 3),
(14, 'Md Asif', 'Chowdhury', '123456', 'as@gmail.com', '$2y$10$aKB9ZZUrDouzWCy56VZqW.PuS3fdauF1lzoHZkJ.aUThJTh2YFm9m', 4),
(15, 'Md Asif', 'Chowdhury', '1111123456', '`1234567@gmail.com', '$2y$10$w2D9WQIxO.w4isHLnoDeZ..pN8Ts.j0BZV7kxAWhDPITH2xZqdqOu', 4),
(16, '12345', '1243567', '234567', '124356576@ghjg.awds', '$2y$10$dvr/Cqnkw6pxHpy4KZS9luw.F9mFR8AAtdFx6RvyKGRmlEX3UGXVu', 4),
(20, 'Md Asif', 'Chowdhury', '13245677', '1234568@gmail.com', '$2y$10$RgJVCreHPiVSCjgcfV1uDuoYcZ42hDSlXKEYzH/FSB5lX9F6gFWIO', 3),
(22, 'New Edited', 'User', 'hiiamnewediteduser', 'newedited@gmail.com', '$2y$10$LAlW0iK/FdWIJ3N0sppD2O/LjkU1u.NqrJGrkr/2ED447crx4x0EG', 4),
(23, 'admin created', 'Me', 'admincreatedme', 'admincreatedme@gmail.com', '$2y$10$ghWhWvhUIqcTqWhklP689eQMRyfKed88JD1Ir9mO4AllMDniTSbhi', 2);

-- --------------------------------------------------------

--
-- Table structure for table `usr_role`
--

CREATE TABLE `usr_role` (
  `roleid` int(11) NOT NULL,
  `rolename` varchar(255) NOT NULL
) ENGINE=InnoDB DEFAULT CHARSET=utf8mb4 COLLATE=utf8mb4_general_ci;

--
-- Dumping data for table `usr_role`
--

INSERT INTO `usr_role` (`roleid`, `rolename`) VALUES
(1, 'Admin'),
(2, 'ProjectManager'),
(3, 'Developer'),
(4, 'Client');

--
-- Indexes for dumped tables
--

--
-- Indexes for table `projects`
--
ALTER TABLE `projects`
  ADD PRIMARY KEY (`project_id`),
  ADD KEY `client_id` (`client_id`),
  ADD KEY `pm_id` (`pm_id`);

--
-- Indexes for table `tasks`
--
ALTER TABLE `tasks`
  ADD PRIMARY KEY (`task_id`),
  ADD KEY `project_id` (`project_id`),
  ADD KEY `developer_id` (`developer_id`);

--
-- Indexes for table `usr`
--
ALTER TABLE `usr`
  ADD PRIMARY KEY (`userid`),
  ADD UNIQUE KEY `email` (`email`),
  ADD KEY `fk_usr_role` (`roleid`);

--
-- Indexes for table `usr_role`
--
ALTER TABLE `usr_role`
  ADD PRIMARY KEY (`roleid`);

--
-- AUTO_INCREMENT for dumped tables
--

--
-- AUTO_INCREMENT for table `projects`
--
ALTER TABLE `projects`
  MODIFY `project_id` int(11) NOT NULL AUTO_INCREMENT, AUTO_INCREMENT=14;

--
-- AUTO_INCREMENT for table `tasks`
--
ALTER TABLE `tasks`
  MODIFY `task_id` int(11) NOT NULL AUTO_INCREMENT, AUTO_INCREMENT=25;

--
-- AUTO_INCREMENT for table `usr`
--
ALTER TABLE `usr`
  MODIFY `userid` int(11) NOT NULL AUTO_INCREMENT, AUTO_INCREMENT=25;

--
-- AUTO_INCREMENT for table `usr_role`
--
ALTER TABLE `usr_role`
  MODIFY `roleid` int(11) NOT NULL AUTO_INCREMENT, AUTO_INCREMENT=5;

--
-- Constraints for dumped tables
--

--
-- Constraints for table `projects`
--
ALTER TABLE `projects`
  ADD CONSTRAINT `projects_ibfk_1` FOREIGN KEY (`client_id`) REFERENCES `usr` (`userid`),
  ADD CONSTRAINT `projects_ibfk_2` FOREIGN KEY (`pm_id`) REFERENCES `usr` (`userid`);

--
-- Constraints for table `tasks`
--
ALTER TABLE `tasks`
  ADD CONSTRAINT `tasks_ibfk_1` FOREIGN KEY (`project_id`) REFERENCES `projects` (`project_id`),
  ADD CONSTRAINT `tasks_ibfk_2` FOREIGN KEY (`developer_id`) REFERENCES `usr` (`userid`);

--
-- Constraints for table `usr`
--
ALTER TABLE `usr`
  ADD CONSTRAINT `fk_usr_role` FOREIGN KEY (`roleid`) REFERENCES `usr_role` (`roleid`);
COMMIT;

/*!40101 SET CHARACTER_SET_CLIENT=@OLD_CHARACTER_SET_CLIENT */;
/*!40101 SET CHARACTER_SET_RESULTS=@OLD_CHARACTER_SET_RESULTS */;
/*!40101 SET COLLATION_CONNECTION=@OLD_COLLATION_CONNECTION */;
